"Date","Price","Open","High","Low","Vol.","Change %"
"22-02-2026","81,287.19","82,906.83","83,486.15","81,159.15","197.93M","-1.84%"
"15-02-2026","82,814.71","82,480.40","83,979.36","82,206.21","100.96M","0.23%"
"08-02-2026","82,626.76","84,177.51","84,487.34","82,534.55","151.04M","-1.14%"
"01-02-2026","83,580.40","82,388.97","85,871.73","79,899.42","113.53M","1.59%"
"25-01-2026","82,269.78","81,436.79","82,689.96","81,088.59","97.65M","0.90%"
"18-01-2026","81,537.70","83,494.49","83,539.93","81,124.45","86.59M","-2.43%"
"11-01-2026","83,570.35","83,435.31","84,258.03","82,861.07","60.42M","-0.01%"
"04-01-2026","83,576.24","85,640.05","85,883.50","83,402.28","93.88M","-2.55%"
"28-12-2025","85,762.01","85,004.75","85,812.27","84,470.94","110.34M","0.85%"
"21-12-2025","85,041.45","85,145.90","85,738.18","84,937.82","25.47M","0.13%"
"14-12-2025","84,929.36","84,891.75","85,278.63","84,238.43","55.51M","-0.40%"
"07-12-2025","85,267.66","85,624.84","85,722.97","84,150.19","51.94M","-0.52%"
"30-11-2025","85,712.37","86,065.92","86,159.02","84,763.64","57.49M","0.01%"
"23-11-2025","85,706.67","85,320.04","86,055.86","84,478.13","51.86M","0.56%"
"16-11-2025","85,231.92","84,700.50","85,801.70","84,525.98","68.47M","0.79%"
"09-11-2025","84,562.78","83,198.20","84,919.43","83,124.03","71.95M","1.62%"
"02-11-2025","83,216.28","83,835.10","84,127.00","82,670.95","44.72M","-0.86%"
"26-10-2025","83,938.71","84,297.39","85,105.83","83,905.66","65.93M","-0.32%"
"19-10-2025","84,211.88","84,269.30","85,290.06","83,957.15","53.62M","0.31%"
"12-10-2025","83,952.19","82,049.16","84,172.24","81,781.62","74.00M","1.76%"
"05-10-2025","82,500.82","81,274.79","82,654.11","81,155.88","74.79M","1.59%"
"28-09-2025","81,207.17","80,588.77","81,251.99","80,159.90","51.54M","0.97%"
"21-09-2025","80,426.46","82,151.07","82,583.16","80,332.41","60.21M","-2.66%"
"14-09-2025","82,626.23","81,925.51","83,141.21","81,744.70","57.66M","0.88%"
"07-09-2025","81,904.70","80,904.40","81,992.85","80,733.07","51.49M","1.48%"
"31-08-2025","80,710.76","79,828.99","81,456.67","79,818.38","56.51M","1.13%"
"24-08-2025","79,809.65","81,501.06","81,799.06","79,741.76","50.49M","-1.84%"
"17-08-2025","81,306.85","81,315.79","82,231.17","81,202.42","56.30M","0.88%"
"10-08-2025","80,597.66","79,885.36","80,997.67","79,772.46","38.48M","0.93%"
"03-08-2025","79,857.79","80,765.83","81,093.19","79,775.84","86.78M","-0.92%"
"27-07-2025","80,599.91","81,299.97","81,803.27","80,495.57","49.03M","-1.06%"
"20-07-2025","81,463.09","81,918.53","82,786.43","81,397.69","73.24M","-0.36%"
"13-07-2025","81,757.73","82,537.87","82,784.75","81,608.13","52.66M","-0.90%"
"06-07-2025","82,500.47","83,398.08","83,812.31","82,442.25","47.63M","-1.12%"
"29-06-2025","83,432.89","84,027.33","84,099.53","83,015.83","54.23M","-0.74%"
"22-06-2025","84,058.90","81,704.07","84,089.35","81,476.76","153.91M","2.00%"
"15-06-2025","82,408.17","81,034.45","82,494.49","81,012.31","63.38M","1.59%"
"08-06-2025","81,118.60","82,574.55","82,783.51","80,354.59","50.43M","-1.30%"
"01-06-2025","82,188.99","81,214.42","82,299.89","80,575.09","71.50M","0.91%"
"25-05-2025","81,451.01","81,928.95","82,492.24","81,106.98","74.32M","-0.33%"
"18-05-2025","81,721.08","82,354.92","82,424.10","80,489.92","47.02M","-0.74%"
"11-05-2025","82,330.59","80,803.80","82,718.14","80,651.07","70.04M","3.62%"
"04-05-2025","79,454.47","80,661.62","81,049.03","78,968.34","49.35M","-1.30%"
"27-04-2025","80,501.99","79,343.63","81,177.93","79,341.35","49.57M","1.63%"
"20-04-2025","79,212.53","78,903.09","80,254.55","78,605.81","60.87M","0.84%"
"13-04-2025","78,553.20","76,852.06","78,616.77","76,435.07","33.54M","4.52%"
"06-04-2025","75,157.26","71,449.94","75,467.33","71,425.01","69.81M","-0.28%"
"30-03-2025","75,364.69","76,882.58","77,487.05","75,240.55","39.94M","-2.65%"
"23-03-2025","77,414.92","77,456.27","78,741.69","77,082.51","62.62M","0.66%"
"16-03-2025","76,905.51","73,830.03","77,041.94","73,796.06","51.67M","4.17%"
"09-03-2025","73,828.91","74,474.98","74,741.25","73,598.16","42.02M","-0.68%"
"02-03-2025","74,332.58","73,427.65","74,586.43","72,633.54","42.56M","1.55%"
"23-02-2025","73,198.10","74,893.45","74,907.04","73,141.27","32.92M","-2.81%"
"16-02-2025","75,311.06","75,641.41","76,338.58","75,112.41","41.41M","-0.83%"
"09-02-2025","75,939.21","77,789.30","77,849.58","75,388.39","43.50M","-2.47%"
"02-02-2025","77,860.19","77,637.01","78,735.41","76,756.09","66.01M","2.19%"
"26-01-2025","76,190.46","76,978.53","77,337.36","75,641.87","79.32M","-0.56%"
"19-01-2025","76,619.33","76,629.90","77,319.50","76,249.72","61.53M","-0.98%"
"12-01-2025","77,378.91","79,281.65","79,532.67","77,099.55","46.56M","-2.33%"
"05-01-2025","79,223.11","78,637.58","80,072.99","77,560.79","39.45M","0.67%"
"29-12-2024","78,699.07","78,488.64","79,043.15","78,173.38","29.76M","0.84%"
"22-12-2024","78,041.59","82,000.31","82,116.44","77,874.59","30.25M","-4.98%"
"15-12-2024","82,133.12","81,602.58","82,213.92","80,082.82","37.36M","0.52%"
"08-12-2024","81,709.12","79,743.87","82,317.74","79,308.95","40.29M","2.39%"
"01-12-2024","79,802.79","80,193.47","80,511.15","78,918.92","46.94M","0.87%"
"24-11-2024","79,117.11","77,863.54","79,218.19","76,802.73","41.26M","1.98%"
"17-11-2024","77,580.31","79,298.46","80,102.14","77,424.81","40.78M","-2.40%"
"10-11-2024","79,486.32","79,713.14","80,569.73","78,232.60","56.84M","-0.30%"
"03-11-2024","79,724.12","79,653.67","80,539.81","79,287.93","37.83M","0.41%"
"27-10-2024","79,402.29","81,770.02","81,770.02","79,137.98","38.12M","-2.24%"
"20-10-2024","81,224.75","81,576.93","82,300.44","80,409.25","34.90M","-0.19%"
"13-10-2024","81,381.36","81,926.99","82,319.21","80,726.06","48.63M","-0.38%"
"06-10-2024","81,688.45","85,208.76","85,359.65","81,532.68","55.96M","-4.54%"
"29-09-2024","85,571.85","84,651.15","85,978.25","84,607.38","51.87M","1.22%"
"22-09-2024","84,544.31","82,985.33","84,694.46","82,700.63","57.12M","1.99%"
"15-09-2024","82,890.94","80,973.75","83,116.19","80,895.05","42.31M","2.10%"
"08-09-2024","81,183.93","82,725.28","82,725.28","80,981.93","44.38M","-1.43%"
"01-09-2024","82,365.77","81,388.26","82,637.03","81,278.44","45.73M","1.58%"
"25-08-2024","81,086.21","80,680.25","81,236.45","80,332.65","38.90M","0.81%"
"18-08-2024","80,436.84","79,330.12","80,518.21","78,889.38","41.67M","0.92%"
"11-08-2024","79,705.91","78,588.19","79,984.24","78,295.86","60.24M","-1.58%"
"04-08-2024","80,981.95","81,679.65","82,129.49","80,868.91","71.12M","-0.43%"
"28-07-2024","81,332.72","80,408.90","81,427.18","79,224.32","62.41M","0.90%"
"21-07-2024","80,604.65","80,686.54","81,587.76","80,390.37","50.30M","0.11%"
"14-07-2024","80,519.34","79,915.00","80,893.51","79,435.76","56.23M","0.65%"
"07-07-2024","79,996.60","79,043.35","80,392.64","78,971.79","55.74M","1.22%"
"30-06-2024","79,032.73","76,885.65","79,671.58","76,745.94","58.15M","2.36%"
"23-06-2024","77,209.90","77,235.31","77,851.63","76,802.00","50.47M","0.28%"
"16-06-2024","76,992.77","76,935.41","77,145.46","76,296.44","53.52M","0.39%"
"09-06-2024","76,693.36","76,583.29","76,795.31","70,234.43","117.93M","3.69%"
"02-06-2024","73,961.31","75,655.46","76,009.68","73,668.73","56.34M","-1.92%"
"26-05-2024","75,410.39","73,842.96","75,636.50","73,762.37","39.43M","1.90%"
"19-05-2024","74,005.94","72,476.65","74,162.76","71,866.01","51.40M","1.85%"
"12-05-2024","72,664.47","74,196.68","74,359.69","72,334.18","45.82M","-1.64%"
"05-05-2024","73,878.15","73,982.75","75,111.39","73,467.73","52.40M","0.20%"
"28-04-2024","73,730.16","73,666.51","74,571.25","73,227.32","49.61M","0.88%"
"21-04-2024","73,088.33","73,315.16","73,905.80","71,816.46","50.59M","-1.56%"
"14-04-2024","74,244.90","74,555.44","75,124.28","74,189.31","72.02M","0.00%"
"07-04-2024","74,248.22","73,968.62","74,501.73","73,485.12","49.31M","0.81%"
"31-03-2024","73,651.35","72,396.97","74,190.31","72,363.03","54.88M","1.13%"
"24-03-2024","72,831.94","72,587.30","73,115.62","71,674.42","96.71M","0.26%"
"17-03-2024","72,643.43","74,175.93","74,187.35","72,484.82","503.79M","-1.99%"
"10-03-2024","74,119.39","73,903.09","74,245.17","73,321.48","64.68M","0.42%"
"03-03-2024","73,806.15","73,044.81","73,994.70","72,099.32","64.47M","0.91%"
"25-02-2024","73,142.80","72,627.60","73,413.93","72,081.36","51.12M","0.99%"
"18-02-2024","72,426.64","71,722.31","72,545.33","70,809.84","52.79M","1.16%"
"11-02-2024","71,595.49","72,269.12","72,559.21","71,200.31","76.58M","-0.68%"
"04-02-2024","72,085.63","70,968.10","73,089.40","70,846.04","68.71M","1.96%"
"28-01-2024","70,700.67","71,868.20","72,039.20","70,001.60","63.60M","-1.01%"
"21-01-2024","71,423.65","73,049.87","73,427.59","70,665.50","88.44M","-1.58%"
"14-01-2024","72,568.45","72,113.25","72,720.96","71,110.98","58.02M","0.75%"
"07-01-2024","72,026.15","72,218.39","72,561.91","71,303.97","47.29M","-0.30%"
"31-12-2023","72,240.26","71,097.78","72,484.34","71,012.08","45.14M","1.59%"
"24-12-2023","71,106.96","71,437.35","71,913.07","69,920.39","58.28M","-0.53%"
"17-12-2023","71,483.75","69,925.63","71,605.76","69,100.56","63.80M","2.37%"
"10-12-2023","69,825.60","68,435.34","69,893.80","68,274.47","95.04M","3.47%"
"03-12-2023","67,481.19","66,063.72","67,564.33","65,906.65","46.16M","2.29%"
"26-11-2023","65,970.04","65,787.51","66,235.24","65,547.80","35.21M","0.27%"
"19-11-2023","65,794.73","65,158.31","66,358.37","64,853.36","37.68M","0.82%"
"12-11-2023","65,259.45","64,835.23","65,418.98","64,580.95","46.58M","1.39%"
"05-11-2023","64,363.78","63,885.56","64,535.19","63,431.45","49.20M","0.91%"
"29-10-2023","63,782.80","65,419.02","65,453.92","63,092.98","39.36M","-2.47%"
"22-10-2023","65,397.62","66,238.15","66,559.82","65,308.61","46.86M","-1.34%"
"15-10-2023","66,282.74","65,560.07","66,592.16","65,434.61","49.71M","0.44%"
"08-10-2023","65,995.63","65,813.42","66,095.81","64,878.77","35.50M","0.25%"
"01-10-2023","65,828.41","66,082.99","66,406.01","65,423.39","34.95M","-0.27%"
"24-09-2023","66,009.15","67,665.58","67,803.15","65,952.83","40.38M","-2.70%"
"17-09-2023","67,838.63","66,807.73","67,927.23","66,735.84","39.07M","1.86%"
"10-09-2023","66,598.91","65,525.91","66,766.92","65,285.56","44.11M","1.85%"
"03-09-2023","65,387.16","64,908.08","65,473.27","64,723.63","157.21M","0.77%"
"27-08-2023","64,886.51","64,852.70","65,913.77","64,732.57","79.45M","-0.10%"
"20-08-2023","64,948.66","65,153.02","65,605.74","64,754.72","28.25M","-0.57%"
"13-08-2023","65,322.65","65,811.40","66,067.90","65,274.61","33.66M","-0.61%"
"06-08-2023","65,721.25","66,156.39","66,658.12","64,963.08","47.70M","-0.66%"
"30-07-2023","66,160.20","66,629.14","66,984.17","65,878.65","50.88M","-0.79%"
"23-07-2023","66,684.26","66,148.18","67,619.17","66,015.63","47.37M","0.94%"
"16-07-2023","66,060.90","65,482.33","66,159.79","65,246.40","51.96M","1.20%"
"09-07-2023","65,280.45","64,836.16","65,898.98","64,836.16","45.66M","0.87%"
"02-07-2023","64,718.56","62,946.50","64,768.58","62,853.67","45.20M","2.76%"
"25-06-2023","62,979.37","63,474.21","63,601.71","62,801.91","31.57M","-0.64%"
"18-06-2023","63,384.58","62,659.98","63,520.36","62,615.20","34.61M","1.21%"
"11-06-2023","62,625.63","62,759.19","63,321.40","62,554.21","73.46M","0.13%"
"04-06-2023","62,547.11","62,801.54","63,036.12","62,359.14","39.10M","0.07%"
"28-05-2023","62,501.69","61,579.78","62,529.83","61,484.66","37.49M","1.25%"
"21-05-2023","61,729.68","62,157.10","62,562.67","61,251.70","33.72M","-0.48%"
"14-05-2023","62,027.90","61,166.09","62,168.22","61,166.09","32.69M","1.59%"
"07-05-2023","61,054.29","61,301.61","61,797.91","61,002.17","26.45M","-0.10%"
"30-04-2023","61,112.44","59,873.71","61,209.46","59,620.11","30.40M","2.44%"
"23-04-2023","59,655.06","60,385.90","60,407.86","59,412.81","42.61M","-1.28%"
"16-04-2023","60,431.00","59,858.98","60,486.91","59,766.23","30.34M","1.00%"
"09-04-2023","59,832.97","59,131.16","59,950.06","58,793.08","14.01M","1.43%"
"02-04-2023","58,991.52","57,566.90","59,068.47","57,415.02","22.85M","2.55%"
"26-03-2023","57,527.10","57,773.55","58,418.78","57,084.91","23.55M","-0.80%"
"19-03-2023","57,989.90","59,033.77","59,510.92","57,158.69","40.03M","-1.94%"
"12-03-2023","59,135.13","60,007.04","60,498.48","58,884.98","26.39M","-1.13%"
"05-03-2023","59,808.97","59,331.31","59,967.04","58,795.97","34.62M","0.58%"
"26-02-2023","59,463.93","61,112.84","61,290.19","59,325.34","31.70M","-2.52%"
"19-02-2023","61,002.57","60,652.82","61,682.25","60,245.05","33.58M","0.53%"
"12-02-2023","60,682.70","60,847.21","60,863.63","60,063.49","48.16M","-0.26%"
"05-02-2023","60,841.88","59,101.69","60,905.34","58,699.20","65.19M","2.55%"
"29-01-2023","59,330.90","60,876.01","61,266.06","58,974.70","37.12M","-2.13%"
"22-01-2023","60,621.77","60,550.50","61,110.25","59,963.83","34.87M","0.60%"
"15-01-2023","60,261.18","60,147.07","60,889.41","59,628.43","39.57M","0.60%"
"08-01-2023","59,900.37","60,871.24","61,343.96","59,669.91","50.71M","-1.55%"
"01-01-2023","60,840.74","59,755.08","61,392.68","59,754.10","43.51M","1.66%"
"25-12-2022","59,845.29","61,405.80","62,006.46","59,765.56","33.09M","-2.43%"
"18-12-2022","61,337.81","61,770.56","62,835.11","61,292.53","37.29M","-1.36%"
"11-12-2022","62,181.67","62,865.28","62,939.63","61,889.11","45.00M","-1.09%"
"04-12-2022","62,868.50","62,016.35","63,583.07","61,959.74","50.82M","0.92%"
"27-11-2022","62,293.64","61,456.33","62,447.73","61,059.33","42.20M","1.02%"
"20-11-2022","61,663.48","61,765.86","62,052.57","61,337.43","58.35M","-0.21%"
"13-11-2022","61,795.04","61,188.13","61,840.97","60,425.47","50.72M","1.39%"
"06-11-2022","60,950.36","60,246.96","61,289.73","60,246.96","115.57M","1.65%"
"30-10-2022","59,959.85","59,804.02","60,133.17","59,489.02","36.57M","1.10%"
"23-10-2022","59,307.15","57,752.50","59,590.93","57,639.80","88.40M","2.39%"
"16-10-2022","57,919.97","57,424.07","58,435.12","57,050.40","86.00M","-0.47%"
"09-10-2022","58,191.29","57,403.92","58,578.76","56,683.40","31.31M","1.33%"
"02-10-2022","57,426.92","57,525.03","57,722.63","56,147.23","82.30M","-1.16%"
"25-09-2022","58,098.92","58,747.31","60,105.79","57,981.95","101.94M","-1.26%"
"18-09-2022","58,840.79","59,912.29","60,676.12","58,687.17","66.35M","-1.59%"
"11-09-2022","59,793.14","58,814.08","60,119.80","58,722.89","60.95M","1.68%"
"04-09-2022","58,803.33","57,367.47","59,599.78","57,367.47","57.25M","-0.05%"
"28-08-2022","58,833.87","59,361.08","59,484.35","58,172.48","54.24M","-1.36%"
"21-08-2022","59,646.15","59,675.12","60,411.20","59,474.57","32.33M","0.31%"
"14-08-2022","59,462.78","58,417.71","59,538.08","58,266.65","44.55M","1.84%"
"07-08-2022","58,387.93","57,823.10","58,712.66","57,540.36","113.39M","1.42%"
"31-07-2022","57,570.25","55,877.50","57,619.27","55,157.99","45.39M","2.67%"
"24-07-2022","56,072.23","54,069.30","56,186.05","54,034.97","90.79M","4.30%"
"17-07-2022","53,760.78","54,248.60","54,527.90","53,163.77","28.33M","-1.32%"
"10-07-2022","54,481.84","52,851.67","54,627.14","52,674.81","43.61M","2.97%"
"03-07-2022","52,907.93","53,468.89","53,509.50","52,094.25","28.88M","0.34%"
"26-06-2022","52,727.98","51,470.03","52,909.87","51,062.93","28.45M","2.66%"
"19-06-2022","51,360.42","53,184.61","53,207.54","50,921.22","37.79M","-5.42%"
"12-06-2022","54,303.44","55,610.64","55,832.28","54,205.99","24.72M","-2.63%"
"05-06-2022","55,769.23","55,507.75","56,432.65","55,091.43","33.34M","1.61%"
"29-05-2022","54,884.66","54,459.95","54,936.63","53,425.25","33.37M","1.03%"
"22-05-2022","54,326.39","52,946.32","54,786.00","52,632.48","34.76M","2.90%"
"15-05-2022","52,793.62","54,188.21","54,857.02","52,654.89","40.61M","-3.72%"
"08-05-2022","54,835.58","56,429.45","57,184.21","54,586.75","74.94M","-3.90%"
"01-05-2022","57,060.87","56,757.64","57,975.48","56,356.87","37.58M","-0.24%"
"24-04-2022","57,197.15","57,338.58","57,991.53","56,009.07","50.08M","-1.96%"
"17-04-2022","58,338.93","59,333.18","59,355.76","58,291.23","23.06M","-1.86%"
"10-04-2022","59,447.18","59,764.13","60,845.10","58,876.36","46.62M","0.29%"
"03-04-2022","59,276.69","57,472.72","59,396.62","56,825.09","35.44M","3.34%"
"27-03-2022","57,362.20","58,030.41","58,416.56","56,930.30","81.58M","-0.87%"
"20-03-2022","57,863.93","55,614.40","58,095.84","55,418.95","31.22M","4.16%"
"13-03-2022","55,550.30","53,172.51","56,242.47","52,260.82","66.95M","2.24%"
"06-03-2022","54,333.81","55,329.46","56,324.54","53,887.72","41.07M","-2.73%"
"27-02-2022","55,858.52","57,551.65","58,141.96","54,383.20","52.43M","-3.41%"
"20-02-2022","57,832.97","56,720.32","58,569.22","56,295.70","41.85M","-0.55%"
"13-02-2022","58,152.92","58,549.67","59,060.24","57,058.77","38.72M","-0.84%"
"06-02-2022","58,644.82","57,845.91","59,618.51","57,737.66","44.23M","2.53%"
"30-01-2022","57,200.23","59,023.97","59,023.97","56,409.63","44.53M","-3.11%"
"23-01-2022","59,037.18","61,219.64","61,475.15","58,620.93","46.43M","-3.57%"
"16-01-2022","61,223.03","60,070.39","61,348.57","59,987.18","36.55M","2.47%"
"09-01-2022","59,744.65","58,310.09","60,332.72","58,306.45","40.24M","2.56%"
"02-01-2022","58,253.82","56,948.33","58,409.30","56,543.08","30.66M","1.98%"
"26-12-2021","57,124.31","56,517.26","57,623.69","55,132.68","39.32M","0.20%"
"19-12-2021","57,011.74","59,103.72","59,203.37","56,950.98","34.00M","-3.02%"
"12-12-2021","58,786.67","57,778.01","58,889.96","56,687.62","45.05M","1.89%"
"05-12-2021","57,696.46","57,028.04","58,757.09","56,382.93","44.80M","1.03%"
"28-11-2021","57,107.15","59,710.48","59,778.37","56,993.89","46.45M","-4.24%"
"21-11-2021","59,636.01","60,837.40","61,036.56","59,376.50","41.14M","-1.73%"
"14-11-2021","60,686.69","60,385.76","60,750.72","59,656.26","34.17M","1.03%"
"07-11-2021","60,067.62","59,577.48","60,421.14","59,355.12","23.57M","1.28%"
"31-10-2021","59,306.93","61,398.75","61,576.85","59,089.37","43.73M","-2.49%"
"24-10-2021","60,821.62","61,817.32","62,245.43","60,485.65","85.46M","-0.79%"
"17-10-2021","61,305.95","60,099.68","61,353.25","59,811.42","70.06M","2.08%"
"10-10-2021","60,059.06","59,143.00","60,212.30","58,952.11","41.18M","2.20%"
"03-10-2021","58,765.58","60,303.79","60,412.32","58,551.14","62.47M","-2.14%"
"26-09-2021","60,048.47","58,634.69","60,333.00","58,232.54","101.58M","1.75%"
"19-09-2021","59,015.89","58,262.11","59,737.32","57,944.63","59.64M","1.22%"
"12-09-2021","58,305.07","58,411.62","58,553.07","57,924.48","23.70M","0.30%"
"05-09-2021","58,129.95","56,329.25","58,194.79","56,309.86","36.33M","3.57%"
"29-08-2021","56,124.72","55,695.84","56,198.13","55,240.29","34.92M","1.44%"
"22-08-2021","55,329.32","55,479.74","56,118.57","55,013.98","35.68M","-0.19%"
"15-08-2021","55,437.29","54,385.71","55,487.79","54,124.27","50.17M","2.14%"
"08-08-2021","54,277.72","52,901.28","54,717.24","52,804.08","53.16M","3.22%"
"01-08-2021","52,586.84","52,985.26","53,103.42","51,802.73","54.00M","-0.73%"
"25-07-2021","52,975.80","52,606.99","53,114.70","52,013.51","52.14M","-0.31%"
"18-07-2021","53,140.06","52,634.33","53,290.81","52,208.96","57.04M","1.44%"
"11-07-2021","52,386.19","52,682.89","53,129.37","52,228.01","35.33M","-0.19%"
"04-07-2021","52,484.67","53,126.73","53,126.73","52,177.68","37.11M","-0.83%"
"27-06-2021","52,925.04","51,887.55","53,057.11","51,740.19","52.36M","1.11%"
"20-06-2021","52,344.45","52,492.34","52,869.51","51,601.11","59.81M","-0.25%"
"13-06-2021","52,474.76","52,231.38","52,641.53","51,717.07","64.45M","0.72%"
"06-06-2021","52,100.05","51,476.22","52,389.02","51,179.94","73.92M","1.32%"
"30-05-2021","51,422.88","50,727.28","51,529.32","50,465.90","64.48M","1.75%"
"23-05-2021","50,540.48","48,990.70","50,591.12","48,923.13","74.72M","3.71%"
"16-05-2021","48,732.55","49,496.05","49,617.47","48,473.43","62.80M","-0.96%"
"09-05-2021","49,206.47","48,356.01","49,417.64","48,028.07","59.36M","0.87%"
"02-05-2021","48,782.36","48,197.37","50,375.77","48,152.24","72.19M","1.89%"
"25-04-2021","47,878.45","47,940.81","48,478.34","47,204.50","49.10M","-1.95%"
"18-04-2021","48,832.03","48,956.65","49,089.55","47,693.44","57.05M","-1.53%"
"11-04-2021","49,591.32","50,020.91","50,118.08","48,580.80","62.62M","-0.88%"
"04-04-2021","50,029.83","49,331.68","50,268.45","49,331.68","30.98M","2.08%"
"28-03-2021","49,008.50","49,878.77","50,264.65","48,236.35","59.07M","-1.70%"
"21-03-2021","49,858.24","50,773.47","50,857.98","48,586.93","70.94M","-1.84%"
"14-03-2021","50,792.08","50,654.02","51,821.84","50,318.26","48.02M","0.77%"
"07-03-2021","50,405.32","49,747.71","51,539.89","49,440.46","92.64M","2.66%"
"28-02-2021","49,099.99","50,910.51","51,386.12","48,890.48","133.57M","-3.52%"
"21-02-2021","50,889.76","51,907.75","52,516.76","50,624.33","82.74M","-1.27%"
"14-02-2021","51,544.30","51,146.67","51,835.86","50,846.22","84.91M","1.60%"
"07-02-2021","50,731.63","46,617.95","51,073.27","46,433.65","138.48M","9.61%"
"31-01-2021","46,285.77","49,253.68","49,263.15","46,160.46","74.54M","-5.30%"
"24-01-2021","48,878.54","49,061.22","50,184.01","48,403.97","77.55M","-0.32%"
"17-01-2021","49,034.67","49,252.31","49,795.19","48,795.79","100.19M","0.52%"
"10-01-2021","48,782.51","48,109.17","48,854.34","47,594.47","89.17M","1.91%"
"03-01-2021","47,868.98","47,153.59","47,980.36","47,148.24","60.19M","1.91%"
"27-12-2020","46,973.54","46,932.18","47,055.69","44,923.08","73.64M","0.03%"
"20-12-2020","46,960.69","46,284.70","47,026.02","45,841.67","77.97M","1.87%"
"13-12-2020","46,099.01","45,099.92","46,309.63","45,024.47","96.56M","2.26%"
"06-12-2020","45,079.55","44,435.83","45,148.28","44,118.10","90.35M","2.11%"
"29-11-2020","44,149.72","44,164.17","44,825.37","43,582.40","85.24M","0.61%"
"22-11-2020","43,882.25","44,095.85","44,230.00","43,453.75","80.41M","0.56%"
"15-11-2020","43,637.98","42,273.97","43,830.93","42,263.64","125.49M","4.17%"
"08-11-2020","41,893.06","39,880.38","41,954.93","39,334.92","119.19M","5.75%"
"01-11-2020","39,614.07","40,649.76","40,724.40","39,241.87","84.98M","-2.63%"
"25-10-2020","40,685.50","40,318.57","40,976.02","40,150.48","67.41M","1.76%"
"18-10-2020","39,982.98","40,716.95","41,048.05","39,667.47","85.01M","-1.30%"
"11-10-2020","40,509.49","38,956.78","40,585.36","38,819.89","72.75M","4.68%"
"04-10-2020","38,697.05","37,756.25","38,738.89","37,544.05","55.57M","3.50%"
"27-09-2020","37,388.66","38,812.69","38,990.76","36,495.98","73.52M","-3.75%"
"20-09-2020","38,845.82","39,073.51","39,359.51","38,573.17","63.66M","-0.02%"
"13-09-2020","38,854.55","38,284.78","38,978.52","37,935.26","66.27M","1.30%"
"06-09-2020","38,357.18","39,888.15","40,010.17","38,249.77","91.70M","-2.81%"
"30-08-2020","39,467.31","38,566.96","39,579.58","38,545.76","97.21M","2.69%"
"23-08-2020","38,434.72","38,062.07","38,788.51","37,734.14","80.47M","1.47%"
"16-08-2020","37,877.34","38,168.42","38,556.27","37,654.92","95.29M","-0.43%"
"09-08-2020","38,040.57","37,595.73","38,221.40","36,911.23","81.02M","1.15%"
"02-08-2020","37,606.89","38,275.34","38,617.03","37,431.68","86.68M","-1.37%"
"26-07-2020","38,128.90","37,409.03","38,235.73","37,185.78","104.58M","3.00%"
"19-07-2020","37,020.14","36,880.66","37,125.98","35,877.42","89.11M","1.16%"
"12-07-2020","36,594.33","36,313.46","36,828.43","36,234.17","106.11M","1.59%"
"05-07-2020","36,021.42","34,926.95","36,110.21","34,662.06","93.33M","2.42%"
"28-06-2020","35,171.27","34,892.03","35,706.55","34,499.78","126.29M","1.27%"
"21-06-2020","34,731.73","33,670.55","34,848.37","32,923.74","115.09M","2.81%"
"14-06-2020","33,780.89","34,841.17","34,927.80","32,348.10","104.37M","-1.48%"
"07-06-2020","34,287.24","32,906.05","34,488.69","32,876.55","159.36M","5.75%"
"31-05-2020","32,424.10","30,864.27","32,480.52","30,512.14","273.31M","5.71%"
"24-05-2020","30,672.59","31,248.26","31,248.26","29,968.45","90.48M","-1.37%"
"17-05-2020","31,097.73","32,030.34","32,845.48","30,770.48","87.81M","-1.72%"
"10-05-2020","31,642.70","32,748.14","32,748.14","31,158.75","92.46M","-6.15%"
"03-05-2020","33,717.62","31,659.04","33,887.25","31,651.58","65.50M","7.63%"
"26-04-2020","31,327.22","32,056.19","32,056.47","30,378.26","99.85M","-0.83%"
"19-04-2020","31,588.72","31,195.72","31,718.73","30,016.17","78.84M","1.38%"
"12-04-2020","31,159.62","28,898.36","31,227.97","28,602.31","65.34M","12.93%"
"05-04-2020","27,590.95","29,226.55","29,770.88","27,500.79","86.56M","-7.46%"
"29-03-2020","29,815.59","27,608.80","31,126.03","25,638.90","339.91M","-0.34%"
"22-03-2020","29,915.96","33,103.24","33,103.24","26,714.46","136.22M","-12.28%"
"15-03-2020","34,103.48","36,950.20","36,950.20","29,388.97","104.43M","-9.24%"
"08-03-2020","37,576.62","38,910.95","39,083.17","37,011.09","71.81M","-1.88%"
"01-03-2020","38,297.29","41,037.01","41,037.01","38,219.97","46.70M","-6.98%"
"23-02-2020","41,170.12","41,324.04","41,420.34","40,610.95","33.16M","-0.21%"
"16-02-2020","41,257.74","41,166.72","41,709.30","40,798.98","51.34M","0.28%"
"09-02-2020","41,141.85","39,701.02","41,405.43","39,563.07","70.09M","3.54%"
"02-02-2020","39,735.53","41,510.68","41,516.27","39,631.24","54.96M","-4.51%"
"26-01-2020","41,613.19","42,263.00","42,273.87","41,059.04","40.60M","-0.79%"
"19-01-2020","41,945.37","41,788.21","42,063.93","41,648.11","46.88M","0.83%"
"12-01-2020","41,599.72","41,378.34","41,775.11","40,476.55","59.78M","0.33%"
"05-01-2020","41,464.61","41,686.27","41,714.73","41,184.73","30.13M","-0.27%"
"29-12-2019","41,575.14","41,548.26","41,702.98","41,132.89","22.36M","-0.26%"
"22-12-2019","41,681.54","41,168.85","41,809.96","40,917.93","131.83M","1.64%"
"15-12-2019","41,009.71","40,527.24","41,055.80","40,135.37","188.65M","1.40%"
"08-12-2019","40,445.15","41,072.94","41,093.99","40,337.53","184.04M","-0.85%"
"01-12-2019","40,793.81","40,439.66","41,163.79","40,393.90","171.35M","1.08%"
"24-11-2019","40,359.41","40,431.08","40,816.38","40,221.97","143.59M","0.01%"
"17-11-2019","40,356.69","40,316.50","40,650.06","40,026.99","120.74M","0.08%"
"10-11-2019","40,323.61","40,293.85","40,749.33","40,037.53","218.40M","0.39%"
"03-11-2019","40,165.03","39,293.49","40,392.22","39,254.12","232.60M","2.83%"
"27-10-2019","39,058.06","39,233.40","39,426.47","38,718.27","180.67M","-0.61%"
"20-10-2019","39,298.38","38,208.24","39,361.06","38,066.13","171.74M","3.07%"
"13-10-2019","38,127.08","37,853.80","38,345.41","37,415.83","143.44M","1.20%"
"06-10-2019","37,673.31","38,873.12","38,923.78","37,633.36","236.45M","-2.96%"
"29-09-2019","38,822.57","38,844.00","39,441.12","38,510.97","187.96M","2.13%"
"22-09-2019","38,014.62","37,204.56","38,378.02","35,987.80","158.59M","1.68%"
"15-09-2019","37,384.99","36,969.48","37,435.15","36,784.47","123.70M","1.09%"
"08-09-2019","36,981.77","37,181.76","37,188.38","36,409.54","99.68M","-0.94%"
"01-09-2019","37,332.79","37,363.95","37,731.51","36,492.65","165.80M","1.72%"
"25-08-2019","36,701.16","37,485.92","37,718.88","36,102.35","138.50M","-1.74%"
"18-08-2019","37,350.33","37,755.16","37,755.16","36,888.49","77.19M","-0.62%"
"11-08-2019","37,581.91","36,842.17","37,807.55","36,416.79","132.04M","1.25%"
"04-08-2019","37,118.22","38,043.22","38,043.22","36,607.41","124.05M","-2.02%"
"28-07-2019","37,882.79","38,333.52","38,333.52","37,690.47","104.11M","-1.18%"
"21-07-2019","38,337.01","39,009.95","39,284.73","38,271.35","113.26M","-1.03%"
"14-07-2019","38,736.23","39,476.38","39,476.38","38,435.87","85.78M","-1.97%"
"07-07-2019","39,513.39","39,543.73","40,032.41","39,441.38","82.39M","0.30%"
"30-06-2019","39,394.64","39,160.23","39,817.22","38,946.04","64.14M","0.51%"
"23-06-2019","39,194.49","39,514.36","39,638.64","38,870.96","87.19M","-0.65%"
"16-06-2019","39,452.07","39,787.33","40,066.31","39,363.45","87.04M","-0.41%"
"09-06-2019","39,615.90","39,806.86","40,312.07","39,279.47","82.60M","-0.25%"
"02-06-2019","39,714.20","39,536.23","40,122.34","39,353.16","81.13M","0.71%"
"26-05-2019","39,434.72","38,701.18","40,124.96","38,570.04","113.35M","0.00%"
"19-05-2019","39,434.72","38,701.18","40,124.96","38,570.04","113.35M","3.96%"
"12-05-2019","37,930.77","37,491.30","38,001.13","36,956.10","92.31M","1.25%"
"05-05-2019","37,462.99","38,719.33","38,835.54","37,370.39","79.62M","-3.85%"
"28-04-2019","38,963.26","39,056.92","39,189.95","38,753.46","74.19M","-0.27%"
"21-04-2019","39,067.33","39,158.22","39,262.22","38,518.26","75.76M","-0.19%"
"14-04-2019","39,140.28","38,805.54","39,487.45","38,780.08","51.28M","0.96%"
"07-04-2019","38,767.11","38,993.60","39,041.25","38,460.25","75.49M","-0.24%"
"31-03-2019","38,862.23","38,858.88","39,270.14","38,581.04","88.06M","0.49%"
"24-03-2019","38,672.91","38,016.76","38,748.54","37,667.40","83.66M","1.33%"
"17-03-2019","38,164.61","38,132.96","38,564.71","37,952.10","66.87M","0.37%"
"10-03-2019","38,024.32","36,741.57","38,254.77","36,726.39","89.47M","3.69%"
"03-03-2019","36,671.43","36,141.07","36,830.25","35,926.94","70.71M","1.68%"
"24-02-2019","36,063.81","35,983.80","36,371.11","35,714.16","80.05M","0.54%"
"17-02-2019","35,871.48","35,831.18","35,983.07","35,287.16","70.50M","0.17%"
"10-02-2019","35,808.95","36,585.50","36,588.41","35,510.97","105.02M","-2.02%"
"03-02-2019","36,546.48","36,456.22","37,172.18","36,225.48","82.27M","0.21%"
"27-01-2019","36,469.43","36,099.62","36,778.14","35,375.51","104.24M","1.23%"
"20-01-2019","36,025.54","36,467.12","36,701.03","35,953.15","99.27M","-0.99%"
"13-01-2019","36,386.61","36,113.27","36,469.98","35,691.75","108.86M","1.05%"
"06-01-2019","36,009.84","35,971.18","36,269.31","35,753.95","87.67M","0.88%"
"30-12-2018","35,695.10","36,239.19","36,285.46","35,382.08","81.61M","-1.06%"
"23-12-2018","36,076.72","35,859.66","36,194.78","35,010.82","54.52M","0.94%"
"16-12-2018","35,742.07","36,129.13","36,554.99","35,694.74","95.78M","-0.61%"
"09-12-2018","35,962.93","35,204.66","36,095.56","34,426.29","107.42M","0.81%"
"02-12-2018","35,673.25","36,396.69","36,446.16","35,266.76","114.30M","-1.44%"
"25-11-2018","36,194.30","35,118.09","36,389.22","34,896.07","133.52M","3.47%"
"18-11-2018","34,981.02","35,647.62","35,818.83","34,937.98","60.81M","-1.34%"
"11-11-2018","35,457.16","35,287.49","35,545.85","34,672.20","94.99M","0.85%"
"04-11-2018","35,158.55","35,118.62","35,302.25","34,811.60","59.80M","0.42%"
"28-10-2018","35,011.65","33,549.88","35,190.20","33,341.80","134.87M","4.98%"
"21-10-2018","33,349.31","34,689.39","34,748.69","33,291.58","90.24M","-2.82%"
"14-10-2018","34,315.63","34,971.83","35,605.43","34,140.32","58.94M","-1.20%"
"07-10-2018","34,733.58","34,412.36","34,858.35","33,723.53","141.28M","1.04%"
"30-09-2018","34,376.99","36,274.25","36,616.64","34,202.22","92.68M","-5.11%"
"23-09-2018","36,227.14","36,924.72","36,945.50","35,985.63","109.67M","-1.67%"
"16-09-2018","36,841.60","38,027.81","38,027.81","35,993.64","76.12M","-3.28%"
"09-09-2018","38,090.64","38,348.39","38,354.52","37,342.00","59.98M","-0.78%"
"02-09-2018","38,389.82","38,915.91","38,934.35","37,774.42","69.83M","-0.66%"
"26-08-2018","38,645.07","38,472.03","38,989.65","38,416.73","62.78M","1.03%"
"19-08-2018","38,251.80","38,075.07","38,487.63","38,050.69","43.77M","0.80%"
"12-08-2018","37,947.88","37,693.19","38,022.32","37,559.26","47.01M","0.21%"
"05-08-2018","37,869.23","37,714.70","38,076.23","37,586.88","70.76M","0.83%"
"29-07-2018","37,556.16","37,491.39","37,711.87","37,128.99","75.81M","0.59%"
"22-07-2018","37,336.85","36,501.05","37,368.62","36,491.83","65.20M","2.30%"
"15-07-2018","36,496.37","36,658.71","36,747.87","36,261.78","64.89M","-0.12%"
"08-07-2018","36,541.63","35,835.10","36,740.07","35,779.72","52.44M","2.48%"
"01-07-2018","35,657.86","35,545.22","35,799.71","35,106.57","70.46M","0.66%"
"24-06-2018","35,423.48","35,783.75","35,806.97","34,937.15","88.04M","-0.75%"
"17-06-2018","35,689.60","35,698.43","35,741.26","35,249.06","107.56M","0.19%"
"10-06-2018","35,622.14","35,472.59","35,877.41","35,419.68","54.55M","0.50%"
"03-06-2018","35,443.67","35,503.24","35,628.49","34,784.68","68.71M","0.61%"
"27-05-2018","35,227.26","35,074.32","35,438.22","34,735.11","67.19M","0.87%"
"20-05-2018","34,924.87","34,873.16","35,017.93","34,302.89","57.54M","0.22%"
"13-05-2018","34,848.30","35,555.83","35,993.53","34,821.62","53.94M","-1.93%"
"06-05-2018","35,535.79","34,983.59","35,596.15","34,977.74","55.26M","1.78%"
"29-04-2018","34,915.38","35,021.20","35,357.15","34,847.61","32.00M","-0.16%"
"22-04-2018","34,969.70","34,493.69","35,065.37","34,259.27","53.49M","1.61%"
"15-04-2018","34,415.58","33,944.73","34,591.81","33,899.34","44.85M","0.65%"
"08-04-2018","34,192.65","33,653.61","34,313.14","33,578.91","77.63M","1.68%"
"01-04-2018","33,626.97","33,030.87","33,697.51","32,972.56","51.67M","2.00%"
"25-03-2018","32,968.68","32,536.44","33,371.04","32,515.17","45.24M","1.14%"
"18-03-2018","32,596.54","33,268.97","33,354.93","32,483.84","60.68M","-1.75%"
"11-03-2018","33,176.00","33,468.16","34,077.32","33,119.92","67.85M","-0.39%"
"04-03-2018","33,307.14","34,034.28","34,060.13","32,991.14","65.16M","-2.17%"
"25-02-2018","34,046.94","34,225.72","34,610.79","34,015.79","45.75M","-0.28%"
"18-02-2018","34,142.15","34,053.95","34,167.60","33,554.37","91.05M","0.39%"
"11-02-2018","34,010.76","34,203.34","34,535.08","33,957.33","69.87M","0.01%"
"04-02-2018","34,005.76","34,718.85","34,874.17","33,482.81","113.77M","-3.03%"
"28-01-2018","35,066.75","36,106.36","36,443.98","35,006.41","91.93M","-2.73%"
"21-01-2018","36,050.44","35,613.97","36,268.19","35,544.68","83.63M","1.52%"
"14-01-2018","35,511.58","34,687.21","35,542.17","34,687.21","158.89M","2.66%"
"07-01-2018","34,592.39","34,216.33","34,638.42","34,216.33","50.40M","1.28%"
"31-12-2017","34,153.85","34,059.99","34,188.85","33,703.37","54.04M","0.28%"
"24-12-2017","34,056.83","33,980.76","34,137.97","33,752.03","46.75M","0.34%"
"17-12-2017","33,940.30","33,364.52","33,964.28","32,595.63","68.53M","1.43%"
"10-12-2017","33,462.97","33,317.72","33,621.96","32,886.93","82.62M","0.64%"
"03-12-2017","33,250.30","32,968.02","33,285.68","32,565.16","53.09M","1.27%"
"26-11-2017","32,832.94","33,640.51","33,770.15","32,797.78","41.40M","-2.51%"
"19-11-2017","33,679.24","33,365.84","33,738.53","33,288.21","52.13M","1.01%"
"12-11-2017","33,342.80","33,397.41","33,520.82","32,683.59","64.27M","0.08%"
"05-11-2017","33,314.56","33,710.15","33,865.95","33,108.09","358.52M","-1.10%"
"29-10-2017","33,685.56","33,260.10","33,733.71","33,164.28","259.70M","1.59%"
"22-10-2017","33,157.22","32,411.86","33,286.51","32,312.74","83.14M","2.37%"
"15-10-2017","32,389.96","32,488.23","32,699.86","32,319.37","32.29M","-0.13%"
"08-10-2017","32,432.69","31,862.20","32,508.59","31,769.40","46.28M","1.94%"
"01-10-2017","31,814.22","31,537.81","31,844.28","31,440.48","28.15M","1.70%"
"24-09-2017","31,283.72","31,986.40","32,016.52","31,081.83","49.47M","-2.00%"
"17-09-2017","31,922.44","32,361.37","32,524.11","31,886.09","98.70M","-1.09%"
"10-09-2017","32,272.61","31,798.31","32,356.11","31,797.89","44.06M","1.85%"
"03-09-2017","31,687.52","31,932.20","31,932.20","31,560.32","42.07M","-0.64%"
"27-08-2017","31,892.23","31,756.87","31,944.10","31,360.81","48.28M","0.94%"
"20-08-2017","31,596.06","31,609.93","31,678.19","31,220.53","54.97M","0.23%"
"13-08-2017","31,524.68","31,299.52","31,937.51","31,298.90","48.57M","1.00%"
"06-08-2017","31,213.59","32,377.80","32,396.14","31,128.02","59.03M","-3.44%"
"30-07-2017","32,325.41","32,412.20","32,686.48","32,107.99","58.09M","0.05%"
"23-07-2017","32,309.88","32,100.22","32,672.66","32,058.33","62.09M","0.88%"
"16-07-2017","32,028.89","32,053.98","32,131.92","31,626.44","74.75M","0.03%"
"09-07-2017","32,020.75","31,510.62","32,109.75","31,471.41","75.41M","2.10%"
"02-07-2017","31,360.63","31,156.04","31,460.70","31,017.11","40.71M","1.42%"
"25-06-2017","30,921.61","31,194.68","31,294.96","30,680.66","48.21M","-0.70%"
"18-06-2017","31,138.21","31,168.98","31,522.87","31,110.39","155.70M","0.26%"
"11-06-2017","31,056.40","31,225.43","31,260.77","31,017.18","60.49M","-0.66%"
"04-06-2017","31,262.06","31,274.74","31,430.32","31,087.28","57.66M","-0.04%"
"28-05-2017","31,273.29","30,944.38","31,332.56","30,869.90","56.09M","0.79%"
"21-05-2017","31,028.21","30,638.88","31,074.07","30,247.60","68.27M","1.85%"
"14-05-2017","30,464.92","30,287.37","30,712.35","30,273.62","68.52M","0.92%"
"07-05-2017","30,188.15","29,915.12","30,366.43","29,877.41","52.74M","1.10%"
"30-04-2017","29,858.80","30,021.49","30,176.55","29,804.12","63.09M","-0.20%"
"23-04-2017","29,918.40","29,407.68","30,184.22","29,392.99","51.96M","1.88%"
"16-04-2017","29,365.30","29,470.27","29,701.19","29,241.48","58.15M","-0.33%"
"09-04-2017","29,461.45","29,752.62","29,838.82","29,442.26","41.89M","-0.83%"
"02-04-2017","29,706.61","29,737.73","30,007.48","29,668.45","48.88M","0.29%"
"26-03-2017","29,620.50","29,395.68","29,687.64","29,163.54","121.37M","0.68%"
"19-03-2017","29,421.40","29,653.54","29,699.48","29,137.48","488.77M","-0.77%"
"12-03-2017","29,648.99","29,437.23","29,824.62","29,356.05","468.47M","2.43%"
"05-03-2017","28,946.23","28,859.21","29,098.17","28,815.02","469.57M","0.39%"
"26-02-2017","28,832.45","28,910.50","29,145.62","28,716.21","59.17M","-0.21%"
"19-02-2017","28,892.97","28,481.91","29,065.31","28,419.27","53.71M","1.49%"
"12-02-2017","28,468.75","28,450.42","28,726.26","28,102.23","65.66M","0.47%"
"05-02-2017","28,334.25","28,340.39","28,487.28","28,149.08","57.33M","0.33%"
"29-01-2017","28,240.52","27,866.80","28,299.92","27,590.10","67.59M","1.28%"
"22-01-2017","27,882.46","26,990.93","27,980.39","26,963.58","40.96M","3.14%"
"15-01-2017","27,034.50","27,238.35","27,422.67","27,009.81","51.43M","-0.75%"
"08-01-2017","27,238.06","26,860.81","27,459.75","26,701.18","50.51M","1.79%"
"01-01-2017","26,759.23","26,711.15","27,009.61","26,447.06","44.69M","0.50%"
"25-12-2016","26,626.46","25,992.41","26,678.60","25,753.74","39.29M","2.25%"
"18-12-2016","26,040.70","26,505.66","26,505.66","25,872.38","36.83M","-1.69%"
"11-12-2016","26,489.56","26,725.31","26,737.86","26,407.58","46.99M","-0.96%"
"04-12-2016","26,747.18","26,253.48","26,803.76","26,125.35","50.34M","1.97%"
"27-11-2016","26,230.66","26,303.52","26,769.32","26,182.93","50.57M","-0.33%"
"20-11-2016","26,316.34","26,246.70","26,343.95","25,717.93","48.54M","0.64%"
"13-11-2016","26,150.24","26,809.61","26,809.61","26,106.78","52.66M","-2.49%"
"06-11-2016","26,818.82","27,552.27","27,743.46","25,902.45","78.61M","-1.67%"
"30-10-2016","27,274.15","28,066.32","28,095.71","27,193.61","60.11M","-2.39%"
"23-10-2016","27,941.51","28,156.59","28,256.65","27,665.60","67.04M","-0.48%"
"16-10-2016","28,077.18","27,776.14","28,212.50","27,488.30","69.88M","1.46%"
"09-10-2016","27,673.60","28,144.28","28,216.64","27,548.18","33.85M","-1.38%"
"02-10-2016","28,061.14","27,997.29","28,477.65","27,919.89","64.31M","0.70%"
"25-09-2016","27,865.96","28,630.92","28,630.92","27,716.78","62.03M","-2.80%"
"18-09-2016","28,668.22","28,626.60","28,871.92","28,462.33","58.60M","0.24%"
"11-09-2016","28,599.03","28,481.09","28,778.64","28,251.31","49.79M","-0.69%"
"04-09-2016","28,797.25","28,631.27","29,077.28","28,631.27","66.77M","0.93%"
"28-08-2016","28,532.11","27,827.26","28,581.58","27,698.71","63.56M","2.70%"
"21-08-2016","27,782.25","28,088.07","28,154.21","27,696.99","50.46M","-1.05%"
"14-08-2016","28,077.00","28,190.04","28,214.17","27,942.65","56.05M","-0.27%"
"07-08-2016","28,152.40","28,181.92","28,289.96","27,697.33","83.32M","0.26%"
"31-07-2016","28,078.35","28,083.08","28,284.85","27,627.97","65.89M","0.09%"
"24-07-2016","28,051.86","27,753.96","28,240.20","27,736.51","64.92M","0.89%"
"17-07-2016","27,803.24","27,920.66","28,013.50","27,637.98","73.65M","-0.12%"
"10-07-2016","27,836.50","27,358.23","28,048.70","27,358.23","82.87M","2.62%"
"03-07-2016","27,126.90","27,314.44","27,385.66","27,034.14","42.73M","-0.07%"
"26-06-2016","27,144.91","26,347.81","27,243.36","26,262.72","54.44M","2.83%"
"19-06-2016","26,397.71","26,497.11","27,060.98","25,911.33","59.72M","-0.86%"
"12-06-2016","26,625.91","26,468.27","26,752.59","26,262.27","52.74M","-0.04%"
"05-06-2016","26,635.75","26,897.84","27,105.41","26,620.50","57.96M","-0.77%"
"29-05-2016","26,843.03","26,694.75","27,008.14","26,561.58","81.26M","0.71%"
"22-05-2016","26,653.60","25,447.72","26,677.43","25,181.47","68.25M","5.34%"
"15-05-2016","25,301.90","25,528.80","25,927.31","25,251.90","63.94M","-0.74%"
"08-05-2016","25,489.57","25,321.83","25,827.03","25,302.86","55.41M","1.03%"
"01-05-2016","25,228.50","25,565.44","25,705.96","25,057.93","58.92M","-1.48%"
"24-04-2016","25,606.62","25,891.03","26,100.54","25,424.03","61.80M","-0.90%"
"17-04-2016","25,838.14","25,833.16","26,080.07","25,634.12","52.90M","0.82%"
"10-04-2016","25,626.75","24,789.40","25,671.50","24,523.20","53.62M","3.86%"
"03-04-2016","24,673.84","25,333.98","25,424.15","24,608.51","63.71M","-2.36%"
"27-03-2016","25,269.64","25,417.11","25,479.62","24,835.56","56.45M","-0.27%"
"20-03-2016","25,337.56","25,007.56","25,381.33","24,988.27","35.01M","1.54%"
"13-03-2016","24,952.74","24,801.70","24,986.94","24,354.55","84.51M","0.95%"
"06-03-2016","24,717.99","24,655.19","24,820.76","24,451.60","69.23M","0.29%"
"28-02-2016","24,646.48","23,238.50","24,719.05","22,494.61","138.32M","6.44%"
"21-02-2016","23,154.30","23,783.47","23,855.04","22,948.10","69.72M","-2.34%"
"14-02-2016","23,709.15","23,223.43","23,774.48","22,920.84","89.11M","3.15%"
"07-02-2016","22,986.12","24,637.41","24,698.95","22,600.39","93.74M","-6.62%"
"31-01-2016","24,616.97","24,982.22","25,002.32","24,187.54","62.51M","-1.02%"
"24-01-2016","24,870.69","24,540.97","24,911.90","24,340.06","39.48M","1.78%"
"17-01-2016","24,435.66","24,400.78","24,563.34","23,839.76","60.95M","-0.08%"
"10-01-2016","24,455.04","24,787.11","25,018.46","24,387.69","64.43M","-1.92%"
"03-01-2016","24,934.33","26,116.52","26,116.52","24,825.70","62.48M","-4.69%"
"27-12-2015","26,160.90","25,858.52","26,197.27","25,856.86","32.45M","1.25%"
"20-12-2015","25,838.71","25,425.32","25,922.47","25,413.54","28.79M","1.25%"
"13-12-2015","25,519.22","24,935.60","25,831.31","24,867.73","67.27M","1.90%"
"06-12-2015","25,044.43","25,746.03","25,785.53","24,930.43","60.56M","-2.32%"
"29-11-2015","25,638.11","26,142.53","26,256.42","25,623.71","50.86M","-1.88%"
"22-11-2015","26,128.20","25,945.14","26,184.65","25,703.86","37.47M","1.00%"
"15-11-2015","25,868.49","25,580.15","26,058.76","25,451.42","59.87M","1.01%"
"08-11-2015","25,610.53","25,809.00","26,193.17","25,540.73","41.31M","-2.49%"
"01-11-2015","26,265.24","26,641.69","26,824.30","26,190.18","54.91M","-1.47%"
"25-10-2015","26,656.83","27,575.04","27,618.14","26,585.20","57.46M","-2.96%"
"18-10-2015","27,470.81","27,305.62","27,555.06","27,190.55","38.23M","0.94%"
"11-10-2015","27,214.60","27,242.60","27,305.04","26,713.28","64.95M","0.50%"
"04-10-2015","27,079.51","26,379.42","27,200.44","26,375.31","78.23M","3.27%"
"27-09-2015","26,220.95","25,922.71","26,431.80","25,287.33","73.08M","1.38%"
"20-09-2015","25,863.50","26,107.98","26,339.10","25,386.48","46.51M","-1.36%"
"13-09-2015","26,218.91","25,706.87","26,471.82","25,531.07","88.72M","2.38%"
"06-09-2015","25,610.21","25,302.98","25,875.96","24,833.54","68.19M","1.62%"
"30-08-2015","25,201.90","26,469.42","26,504.73","25,119.06","67.66M","-4.51%"
"23-08-2015","26,392.38","26,730.40","26,730.40","25,298.42","94.08M","-3.56%"
"16-08-2015","27,366.07","28,093.54","28,095.97","27,131.44","65.31M","-2.50%"
"09-08-2015","28,067.31","28,250.78","28,417.59","27,479.43","73.08M","-0.60%"
"02-08-2015","28,236.39","28,089.09","28,359.96","27,866.12","52.89M","0.43%"
"26-07-2015","28,114.56","28,117.65","28,161.17","27,416.39","56.15M","0.01%"
"19-07-2015","28,112.31","28,544.28","28,578.33","28,070.91","47.53M","-1.23%"
"12-07-2015","28,463.31","27,739.32","28,576.32","27,635.06","37.53M","2.90%"
"05-07-2015","27,661.40","27,857.20","28,335.23","27,530.90","50.43M","-1.54%"
"28-06-2015","28,092.79","27,451.07","28,135.43","27,209.19","53.21M","1.01%"
"21-06-2015","27,811.84","27,427.19","27,968.75","27,417.03","47.38M","1.81%"
"14-06-2015","27,316.17","26,498.67","27,404.60","26,307.84","67.62M","3.37%"
"07-06-2015","26,425.30","26,814.31","27,000.14","26,307.07","49.62M","-1.28%"
"31-05-2015","26,768.49","27,770.79","27,959.43","26,551.97","63.56M","-3.81%"
"24-05-2015","27,828.44","27,893.25","27,903.29","27,354.35","47.00M","-0.46%"
"17-05-2015","27,957.50","27,416.97","28,071.16","27,370.28","62.84M","2.32%"
"10-05-2015","27,324.00","27,249.42","27,544.24","26,750.01","57.18M","0.81%"
"03-05-2015","27,105.39","27,204.63","27,603.71","26,423.99","56.88M","0.35%"
"26-04-2015","27,011.31","27,565.49","27,567.28","26,897.54","44.09M","-1.55%"
"19-04-2015","27,437.94","28,525.65","28,539.46","27,344.70","77.09M","-3.53%"
"12-04-2015","28,442.10","28,955.13","29,094.61","28,403.76","42.56M","-1.51%"
"05-04-2015","28,879.38","28,351.94","28,907.81","28,221.99","52.74M","2.19%"
"29-03-2015","28,260.14","27,655.79","28,298.34","27,624.76","31.10M","2.92%"
"22-03-2015","27,458.64","28,317.29","28,455.32","27,248.45","63.06M","-2.84%"
"15-03-2015","28,261.08","28,546.31","28,978.74","28,209.66","58.90M","-0.85%"
"08-03-2015","28,503.30","29,316.54","29,321.06","28,448.48","59.79M","-3.21%"
"01-03-2015","29,448.95","29,411.33","30,024.74","28,882.02","84.71M","0.78%"
"22-02-2015","29,220.12","29,316.58","29,362.96","28,693.82","55.74M","-0.04%"
"15-02-2015","29,231.41","29,170.77","29,522.86","29,083.40","46.34M","0.47%"
"08-02-2015","29,094.93","28,566.50","29,154.67","28,044.49","73.45M","1.31%"
"01-02-2015","28,717.91","29,143.63","29,277.83","28,647.14","76.96M","-1.59%"
"25-01-2015","29,182.95","29,451.65","29,844.16","29,070.48","52.56M","-0.33%"
"18-01-2015","29,278.84","28,249.84","29,408.73","28,197.36","62.09M","4.11%"
"11-01-2015","28,121.89","27,523.86","28,194.61","27,203.25","55.96M","2.42%"
"04-01-2015","27,458.38","27,978.43","28,064.49","26,776.12","55.46M","-1.54%"
"28-12-2014","27,887.90","27,266.49","27,937.47","27,266.49","29.81M","2.37%"
"21-12-2014","27,241.78","27,479.87","27,851.10","27,091.38","33.17M","-0.48%"
"14-12-2014","27,371.84","27,136.28","27,497.12","26,469.42","63.01M","0.08%"
"07-12-2014","27,350.68","28,433.00","28,494.85","27,320.05","49.64M","-3.89%"
"30-11-2014","28,458.10","28,748.22","28,809.64","28,370.73","47.77M","-0.82%"
"23-11-2014","28,693.99","28,413.01","28,822.37","28,217.50","55.84M","1.27%"
"16-11-2014","28,334.63","28,018.68","28,360.66","27,915.23","39.67M","1.03%"
"09-11-2014","28,046.66","27,919.45","28,126.48","27,764.75","40.63M","0.64%"
"02-11-2014","27,868.63","27,943.04","28,010.39","27,739.56","28.64M","0.01%"
"26-10-2014","27,865.83","26,959.57","27,894.32","26,726.84","40.06M","3.78%"
"19-10-2014","26,851.05","26,434.16","26,930.23","26,368.94","25.46M","2.84%"
"12-10-2014","26,108.53","26,275.07","26,550.79","25,910.77","38.41M","-0.72%"
"05-10-2014","26,297.38","26,487.51","26,688.70","26,150.09","35.57M","-1.02%"
"28-09-2014","26,567.99","26,694.41","26,851.33","26,481.31","22.62M","-0.22%"
"21-09-2014","26,626.32","27,008.12","27,256.87","26,220.49","48.32M","-1.71%"
"14-09-2014","27,090.42","26,998.07","27,247.17","26,464.03","37.32M","0.11%"
"07-09-2014","27,061.04","27,145.12","27,354.99","26,904.50","36.49M","0.13%"
"31-08-2014","27,026.70","26,733.18","27,225.85","26,732.39","41.33M","1.46%"
"24-08-2014","26,638.11","26,490.31","26,674.38","26,314.89","32.80M","0.83%"
"17-08-2014","26,419.55","26,123.69","26,530.67","26,075.28","40.76M","1.21%"
"10-08-2014","26,103.23","25,476.87","26,135.00","25,437.05","33.06M","3.06%"
"03-08-2014","25,329.14","25,631.68","25,928.32","25,232.82","37.59M","-0.60%"
"27-07-2014","25,480.84","26,173.47","26,181.83","25,459.13","38.51M","-2.47%"
"20-07-2014","26,126.75","25,776.54","26,300.17","25,677.71","43.12M","1.89%"
"13-07-2014","25,641.56","25,093.16","25,713.40","24,892.00","59.34M","2.47%"
"06-07-2014","25,024.35","26,039.67","26,190.44","24,978.33","67.64M","-3.61%"
"29-06-2014","25,962.06","25,179.55","25,999.08","25,179.55","45.65M","3.43%"
"22-06-2014","25,099.92","25,108.09","25,427.80","24,878.66","47.96M","-0.02%"
"15-06-2014","25,105.51","25,239.50","25,609.28","25,056.18","60.45M","-0.49%"
"08-06-2014","25,228.17","25,543.60","25,725.12","25,171.61","67.81M","-0.66%"
"01-06-2014","25,396.46","24,368.96","25,419.14","24,270.20","85.83M","4.87%"
"25-05-2014","24,217.34","24,913.89","25,175.22","24,163.62","80.49M","-1.93%"
"18-05-2014","24,693.35","24,340.32","24,745.86","24,107.99","96.09M","2.37%"
"11-05-2014","24,121.74","23,031.11","25,375.63","23,008.65","92.64M","4.90%"
"04-05-2014","22,994.23","22,412.80","23,048.49","22,277.04","45.87M","2.63%"
"27-04-2014","22,403.89","22,717.59","22,721.36","22,284.96","30.57M","-1.25%"
"20-04-2014","22,688.07","22,644.75","22,939.31","22,636.75","32.84M","0.26%"
"13-04-2014","22,628.84","22,698.09","22,737.31","22,247.39","23.75M","0.00%"
"06-04-2014","22,628.96","22,355.56","22,792.49","22,197.51","33.62M","1.21%"
"30-03-2014","22,359.50","22,423.14","22,620.65","22,253.78","52.41M","0.09%"
"23-03-2014","22,339.97","21,752.44","22,363.97","21,725.52","47.81M","2.69%"
"16-03-2014","21,753.75","21,849.65","22,040.72","21,704.66","87.86M","-0.26%"
"09-03-2014","21,809.80","21,819.19","22,023.98","21,573.48","56.20M","-0.50%"
"02-03-2014","21,919.79","21,079.27","21,960.89","20,920.98","163.65M","3.79%"
"23-02-2014","21,120.12","20,695.48","21,140.51","20,637.30","41.94M","2.03%"
"16-02-2014","20,700.75","20,438.87","20,750.52","20,338.95","32.41M","1.64%"
"09-02-2014","20,366.82","20,429.16","20,516.60","20,149.01","43.54M","-0.05%"
"02-02-2014","20,376.56","20,479.03","20,480.35","19,963.12","48.26M","-0.67%"
"26-01-2014","20,513.85","20,899.03","20,899.03","20,343.78","44.84M","-2.93%"
"19-01-2014","21,133.56","21,083.53","21,409.66","21,001.13","46.12M","0.33%"
"12-01-2014","21,063.62","20,850.54","21,379.29","20,850.54","48.25M","1.47%"
"05-01-2014","20,758.49","20,913.79","20,971.23","20,625.17","43.00M","-0.45%"
"29-12-2013","20,851.33","21,260.15","21,331.32","20,731.33","33.81M","-1.61%"
"22-12-2013","21,193.58","21,080.54","21,235.14","21,010.65","25.30M","0.54%"
"15-12-2013","21,079.72","20,714.26","21,117.99","20,568.70","46.42M","1.76%"
"08-12-2013","20,715.58","21,416.67","21,483.74","20,692.67","59.83M","-1.34%"
"01-12-2013","20,996.53","20,771.27","21,165.60","20,673.62","55.80M","0.98%"
"24-11-2013","20,791.93","20,326.66","20,819.77","20,326.66","45.83M","2.84%"
"17-11-2013","20,217.39","20,570.59","20,934.40","20,137.67","49.80M","-0.89%"
"10-11-2013","20,399.42","20,596.40","20,672.53","20,161.64","42.14M","-1.29%"
"03-11-2013","20,666.15","21,278.08","21,321.53","20,600.90","46.75M","-2.50%"
"27-10-2013","21,196.81","20,696.51","21,293.88","20,493.66","51.74M","2.48%"
"20-10-2013","20,683.52","20,915.76","21,039.42","20,589.72","52.00M","-0.95%"
"13-10-2013","20,882.89","20,534.61","20,932.23","20,375.42","48.43M","1.73%"
"06-10-2013","20,528.59","19,880.94","20,559.69","19,647.88","55.43M","3.08%"
"29-09-2013","19,915.95","19,643.89","20,052.00","19,264.72","47.84M","0.96%"
"22-09-2013","19,727.27","20,060.82","20,199.81","19,658.74","62.38M","-2.65%"
"15-09-2013","20,263.71","19,977.38","20,739.69","19,596.15","62.15M","2.69%"
"08-09-2013","19,732.76","19,448.39","20,055.53","19,444.66","55.92M","2.40%"
"01-09-2013","19,270.06","18,691.83","19,293.96","18,166.17","73.88M","3.49%"
"25-08-2013","18,619.72","18,602.56","18,728.19","17,448.71","93.53M","0.54%"
"18-08-2013","18,519.44","18,587.38","18,587.38","17,759.59","88.89M","-0.42%"
"11-08-2013","18,598.18","18,898.94","19,392.56","18,559.65","52.56M","-1.02%"
"04-08-2013","18,789.34","19,178.06","19,306.51","18,551.35","50.36M","-1.96%"
"28-07-2013","19,164.02","19,714.42","19,751.03","19,078.72","52.46M","-2.96%"
"21-07-2013","19,748.19","20,096.71","20,351.06","19,699.76","48.96M","-1.99%"
"14-07-2013","20,149.85","19,926.10","20,256.60","19,649.58","46.92M","0.96%"
"07-07-2013","19,958.47","19,418.98","19,991.94","19,185.92","38.83M","2.37%"
"30-06-2013","19,495.82","19,352.48","19,640.27","19,147.31","46.87M","0.52%"
"23-06-2013","19,395.81","18,714.06","19,432.94","18,467.16","55.10M","3.31%"
"16-06-2013","18,774.24","19,249.90","19,383.61","18,615.14","55.10M","-2.10%"
"09-06-2013","19,177.93","19,530.35","19,585.75","18,765.53","54.92M","-1.29%"
"02-06-2013","19,429.23","19,859.22","19,860.19","19,395.32","32.65M","-1.68%"
"26-05-2013","19,760.30","19,750.67","20,254.03","19,678.31","43.70M","0.28%"
"19-05-2013","19,704.33","20,277.76","20,443.62","19,568.49","56.58M","-2.87%"
"12-05-2013","20,286.12","20,091.93","20,328.19","19,652.69","41.10M","1.01%"
"05-05-2013","20,082.62","19,571.66","20,119.14","19,554.31","36.01M","2.59%"
"28-04-2013","19,575.64","19,306.67","19,792.00","19,284.40","43.37M","1.50%"
"21-04-2013","19,286.72","18,989.78","19,434.85","18,989.78","36.77M","1.42%"
"14-04-2013","19,016.46","18,196.09","19,058.80","18,144.22","39.52M","4.24%"
"07-04-2013","18,242.56","18,455.80","18,599.14","18,173.31","43.90M","-1.13%"
"31-03-2013","18,450.23","18,890.81","19,060.51","18,389.29","40.73M","-2.05%"
"24-03-2013","18,835.77","18,894.13","18,950.22","18,568.43","38.74M","0.53%"
"17-03-2013","18,735.60","19,282.63","19,378.61","18,669.20","57.24M","-3.56%"
"10-03-2013","19,427.56","19,679.88","19,754.66","19,179.33","44.64M","-1.30%"
"03-03-2013","19,683.23","18,920.90","19,706.03","18,760.41","45.38M","4.04%"
"24-02-2013","18,918.52","19,365.33","19,411.18","18,793.97","48.85M","-2.06%"
"17-02-2013","19,317.01","19,496.25","19,742.42","19,289.70","38.55M","-0.78%"
"10-02-2013","19,468.15","19,517.59","19,723.01","19,381.82","39.64M","-0.09%"
"03-02-2013","19,484.77","19,860.97","19,902.60","19,414.80","44.88M","-1.50%"
"27-01-2013","19,781.19","20,129.00","20,203.66","19,736.45","49.61M","-1.60%"
"20-01-2013","20,103.53","20,132.83","20,163.38","19,884.20","54.24M","0.32%"
"13-01-2013","20,039.04","19,689.09","20,126.55","19,689.09","53.40M","1.91%"
"06-01-2013","19,663.64","19,820.56","19,856.43","19,596.38","43.44M","-0.61%"
"30-12-2012","19,784.08","19,422.59","19,797.44","19,406.17","31.90M","1.74%"
"23-12-2012","19,444.84","19,278.00","19,504.40","19,237.26","27.42M","1.05%"
"16-12-2012","19,242.00","19,290.92","19,520.51","19,149.03","56.24M","-0.39%"
"09-12-2012","19,317.25","19,442.19","19,612.18","19,193.11","42.69M","-0.55%"
"02-12-2012","19,424.10","19,342.83","19,561.87","19,186.24","43.89M","0.44%"
"25-11-2012","19,339.90","18,574.36","19,372.70","18,508.79","36.03M","4.50%"
"18-11-2012","18,506.57","18,349.53","18,567.68","18,255.69","32.77M","1.08%"
"11-11-2012","18,309.37","18,691.02","18,750.92","18,266.76","34.59M","-2.00%"
"04-11-2012","18,683.68","18,749.37","18,973.43","18,656.41","41.42M","-0.38%"
"28-10-2012","18,755.45","18,656.00","18,793.75","18,393.42","41.66M","0.70%"
"21-10-2012","18,625.34","18,655.93","18,812.93","18,558.05","29.47M","-0.30%"
"14-10-2012","18,682.31","18,690.99","18,806.56","18,535.37","36.72M","0.04%"
"07-10-2012","18,675.18","18,969.19","18,969.19","18,581.49","43.24M","-1.39%"
"30-09-2012","18,938.46","18,784.64","19,137.29","18,745.28","67.78M","0.94%"
"23-09-2012","18,762.74","18,756.31","18,869.94","18,552.68","57.76M","0.05%"
"16-09-2012","18,752.83","18,619.90","18,866.87","18,291.93","53.51M","1.56%"
"09-09-2012","18,464.27","17,701.07","18,498.54","17,677.38","53.89M","4.41%"
"02-09-2012","17,683.73","17,465.60","17,701.20","17,250.80","50.26M","1.46%"
"26-08-2012","17,429.56","17,769.44","17,820.07","17,337.61","47.11M","-1.99%"
"19-08-2012","17,783.21","17,705.14","17,972.54","17,705.14","35.38M","0.52%"
"12-08-2012","17,691.08","17,551.69","17,801.39","17,522.10","37.55M","0.76%"
"05-08-2012","17,557.74","17,313.05","17,726.64","17,313.05","61.12M","2.09%"
"29-07-2012","17,197.93","16,919.14","17,291.99","16,919.14","50.47M","2.13%"
"22-07-2012","16,839.19","17,047.73","17,047.73","16,598.48","55.55M","-1.86%"
"15-07-2012","17,158.44","17,241.98","17,318.93","17,038.59","49.01M","-0.32%"
"08-07-2012","17,213.70","17,449.93","17,631.19","17,181.17","43.06M","-1.75%"
"01-07-2012","17,521.12","17,438.68","17,562.89","17,351.50","44.29M","0.52%"
"24-06-2012","17,429.98","17,038.77","17,448.48","16,815.87","46.46M","2.70%"
"17-06-2012","16,972.51","17,039.54","17,109.95","16,636.09","53.33M","0.13%"
"10-06-2012","16,949.83","16,804.89","16,967.76","16,553.47","48.03M","1.38%"
"03-06-2012","16,718.87","15,808.88","16,767.77","15,748.98","59.89M","4.72%"
"27-05-2012","15,965.16","16,289.82","16,544.38","15,933.48","58.81M","-1.56%"
"20-05-2012","16,217.82","16,187.66","16,366.72","15,847.03","54.05M","0.40%"
"13-05-2012","16,152.75","16,318.36","16,390.33","15,809.71","61.96M","-0.86%"
"06-05-2012","16,292.98","16,620.44","16,944.13","16,233.76","58.43M","-3.20%"
"29-04-2012","16,831.08","17,134.19","17,432.33","16,776.72","38.04M","-1.77%"
"22-04-2012","17,134.25","17,347.76","17,444.18","17,019.24","58.58M","-1.38%"
"15-04-2012","17,373.84","17,047.87","17,530.30","17,010.16","54.76M","1.63%"
"08-04-2012","17,094.51","17,407.66","17,407.66","17,027.30","60.46M","-2.24%"
"01-04-2012","17,486.02","17,429.96","17,664.10","17,382.38","30.65M","0.47%"
"25-03-2012","17,404.20","17,377.59","17,439.51","16,920.61","85.56M","0.24%"
"18-03-2012","17,361.74","17,531.47","17,687.01","17,136.50","72.51M","-0.60%"
"11-03-2012","17,466.20","17,772.10","18,040.69","17,426.58","77.83M","-0.21%"
"04-03-2012","17,503.24","17,648.47","17,691.96","17,008.77","66.55M","-0.76%"
"26-02-2012","17,636.80","17,975.19","18,001.35","17,381.64","91.08M","-1.60%"
"19-02-2012","17,923.57","18,303.73","18,523.78","17,848.93","81.49M","-2.00%"
"12-02-2012","18,289.35","17,761.70","18,423.06","17,665.89","107.57M","3.05%"
"05-02-2012","17,748.69","17,741.91","17,890.11","17,579.59","96.02M","0.82%"
"29-01-2012","17,604.96","17,138.04","17,630.53","16,828.33","124.03M","2.15%"
"22-01-2012","17,233.98","16,667.02","17,258.97","16,659.32","64.20M","2.96%"
"15-01-2012","16,739.01","16,086.74","16,788.48","16,037.60","83.23M","3.62%"
"08-01-2012","16,154.62","15,893.30","16,257.34","15,678.30","84.80M","1.81%"
"01-01-2012","15,867.73","15,534.67","16,004.69","15,358.02","86.59M","2.67%"
"25-12-2011","15,454.92","15,782.17","16,049.12","15,406.93","60.06M","-1.80%"
"18-12-2011","15,738.70","15,440.10","15,911.23","15,135.86","96.75M","1.60%"
"11-12-2011","15,491.35","16,354.96","16,360.32","15,425.20","104.02M","-4.45%"
"04-12-2011","16,213.46","16,812.30","17,003.71","16,142.32","61.69M","-3.76%"
"27-11-2011","16,846.83","15,890.80","16,888.84","15,849.57","100.40M","7.34%"
"20-11-2011","15,695.43","16,297.03","16,297.03","15,478.69","95.95M","-4.13%"
"13-11-2011","16,371.51","17,348.52","17,391.99","16,164.99","91.19M","-4.78%"
"06-11-2011","17,192.82","17,593.67","17,658.34","17,096.84","44.15M","-2.11%"
"30-10-2011","17,562.61","17,806.21","17,813.11","17,278.03","84.36M","-1.36%"
"23-10-2011","17,804.80","17,011.06","17,908.13","16,898.60","58.83M","6.07%"
"16-10-2011","16,785.64","17,176.05","17,188.55","16,669.04","69.52M","-1.74%"
"09-10-2011","17,082.69","16,270.07","17,112.45","16,230.77","91.94M","5.24%"
"02-10-2011","16,232.54","16,255.97","16,347.48","15,745.43","72.43M","-1.34%"
"25-09-2011","16,453.76","16,209.19","16,756.08","15,801.01","93.60M","1.80%"
"18-09-2011","16,162.06","16,865.93","17,191.12","16,052.47","79.65M","-4.56%"
"11-09-2011","16,933.83","16,668.25","17,122.54","16,374.68","79.74M","0.40%"
"04-09-2011","16,866.97","16,678.34","17,211.80","16,488.30","68.05M","0.27%"
"28-08-2011","16,821.46","16,080.74","16,989.86","16,068.73","39.08M","6.14%"
"21-08-2011","15,848.83","16,155.99","16,549.21","15,765.53","63.00M","-1.81%"
"14-08-2011","16,141.67","17,015.99","17,035.49","15,987.77","58.66M","-4.14%"
"07-08-2011","16,839.63","16,907.57","17,256.46","16,432.00","82.13M","-2.69%"
"31-07-2011","17,305.87","18,352.23","18,440.07","16,990.91","65.52M","-4.90%"
"24-07-2011","18,197.20","18,753.35","18,944.60","18,131.86","80.83M","-2.80%"
"17-07-2011","18,722.30","18,592.19","18,765.60","18,415.36","50.14M","0.86%"
"10-07-2011","18,561.92","18,823.19","18,936.43","18,326.42","47.98M","-1.57%"
"03-07-2011","18,858.04","18,896.24","19,131.70","18,682.60","56.55M","0.51%"
"26-06-2011","18,762.80","18,132.70","19,031.38","18,132.70","63.95M","2.86%"
"19-06-2011","18,240.68","17,925.17","18,268.95","17,314.38","59.98M","2.07%"
"12-06-2011","17,870.53","18,242.25","18,380.19","17,844.09","68.26M","-2.18%"
"05-06-2011","18,268.54","18,344.27","18,545.95","18,182.90","49.21M","-0.59%"
"29-05-2011","18,376.48","18,319.74","18,672.65","18,199.52","68.71M","0.60%"
"22-05-2011","18,266.10","18,269.06","18,298.64","17,786.13","58.39M","-0.33%"
"15-05-2011","18,326.09","18,492.68","18,492.68","18,020.79","66.22M","-1.11%"
"08-05-2011","18,531.28","18,628.63","18,724.54","18,280.70","54.98M","0.07%"
"01-05-2011","18,518.81","19,224.05","19,253.87","18,160.65","80.70M","-3.23%"
"24-04-2011","19,135.96","19,538.52","19,697.49","19,015.05","60.88M","-2.38%"
"17-04-2011","19,602.23","19,389.74","19,695.98","18,976.19","55.58M","1.11%"
"10-04-2011","19,386.82","19,382.91","19,737.33","19,101.63","44.36M","-0.33%"
"03-04-2011","19,451.45","19,473.93","19,811.14","19,388.42","57.74M","0.16%"
"27-03-2011","19,420.39","18,799.71","19,575.16","18,799.57","70.94M","3.21%"
"20-03-2011","18,815.64","17,984.72","18,858.30","17,792.17","63.93M","5.24%"
"13-03-2011","17,878.81","18,167.10","18,463.84","17,849.53","88.47M","-1.62%"
"06-03-2011","18,174.09","18,361.65","18,583.30","18,058.71","90.89M","-1.69%"
"27-02-2011","18,486.45","17,811.08","18,736.97","17,718.88","103.19M","4.44%"
"20-02-2011","17,700.91","18,238.54","18,457.90","17,469.97","106.11M","-2.80%"
"13-02-2011","18,211.52","17,940.16","18,690.97","17,857.12","102.71M","2.72%"
"06-02-2011","17,728.61","18,135.02","18,180.94","17,295.62","108.05M","-1.55%"
"30-01-2011","18,008.15","18,226.21","18,542.20","17,926.98","107.31M","-2.11%"
"23-01-2011","18,395.97","19,095.69","19,340.99","18,235.45","57.38M","-3.22%"
"16-01-2011","19,007.53","18,911.43","19,167.06","18,779.38","72.07M","0.78%"
"09-01-2011","18,860.44","19,714.42","19,720.43","18,811.96","89.33M","-4.22%"
"02-01-2011","19,691.81","20,621.61","20,664.80","19,629.22","73.99M","-3.98%"